{"cameraMode":{"drawMode":0,"name":"Shaded","section":"Shading Mode"},"sceneLighting":true,"audioPlay":false,"sceneViewState":{"showFog":true,"showMaterialUpdate":false,"showSkybox":true,"showFlares":true,"showImageEffects":true,"showParticleSystems":true},"in2DMode":false,"pivot":{"x":23.756290435791017,"y":16.606456756591798,"z":23.477291107177736},"rotation":{"x":0.013133720494806767,"y":0.9794961810112,"z":-0.06799744069576264,"w":0.18919023871421815},"size":1.4646131992340088,"orthographic":false}